Participant ID,Time,Trial Number,Number of Bounces,Score,Target Height,Target Radius,Number of Paddles
1,136.0839,3,22,70,1.506917,0.05,1
1,153.6197,4,34,40,1.506917,0.05,1
1,163.5824,5,16,20,1.506917,0.05,1
1,165.4489,6,2,0,1.506917,0.05,1
1,226.3131,7,102,210,1.506917,0.05,1
