Participant ID,Time,Trial Number,Number of Bounces,Score,Target Height,Target Radius,Number of Paddles
DL,53.908,1,6,40,1.381155,0.05,2
DL,63.234,2,1,0,1.381155,0.05,2
DL,79.58801,3,19,50,1.381155,0.05,2
DL,97.90601,5,11,30,1.381155,0.05,2
DL,103.167,6,3,0,1.381155,0.05,2
DL,106.395,8,2,0,1.381155,0.05,2
DL,111.421,9,1,0,1.381155,0.05,2
DL,118.692,10,6,10,1.381155,0.05,2
DL,123.071,11,2,0,1.381155,0.05,2
DL,127.115,12,1,0,1.381155,0.05,2
DL,244.2957,13,60,100,1.381155,0.05,2
